{
  "Customers": [
    {
      "Id": 1,
      "Name": "Bob"
    },
    {
      "Id": 2,
      "Name": "Mary"
    },
    {
      "Id": 3,
      "Name": "Joe"
    },
    {
      "Id": 4,
      "Name": "Post Test"
    },
    {
      "Id": 5,
      "Name": "Post1 Test"
    }
  ],
  "Orders": [
    {
      "id": 1,
      "customerId": 1,
      "items": [
        {
          "productId": 1,
          "quantity": 2
        },
        {
          "productId": 2,
          "quantity": 3
        }
      ]
    }
  ],
  "Products": [
    {
      "id": 1,
      "description": "apple",
      "price": 0.5
    },
    {
      "id": 2,
      "description": "orange",
      "price": 0.75
    },
    {
      "id": 3,
      "description": "banana",
      "price": 0.85
    },
    {
      "id": 4,
      "description": "Post Test",
      "price": 0.001
    },
    {
      "id": 5,
      "description": "Test apple",
      "price": 0.15
    }
  ]
}